Username;Rank;Title;Artist;Genre;Genre;Album;Number of Plays
EzI6psdcyE;8;The World We Knew (Over and Over);Frank Sinatra;Jazz;JAZZ;The World We Knew;200
ewMPQm7LCw;1;You're the Inspiration;Chicago;Rock;ROCK;Chicago 17;50
RDXRSUA19I;10;See You Again;Tyler the Creator Ft Kali Uchis;Hip Hop;HIP HOP;Flower Boy;109
6ue4Mbvoft;10;m.A.D.D city;Kendrick Lamar, MC Eiht;Hip Hop;HIP HOP;Good Kid, M.A.D.D City;500
RDXRSUA19I;9;She;Tyler the creator ;Hip Hop;HIP HOP;Goblin;106
EzI6psdcyE;3;Feel Good Inc.;Gorillaz, De La Soul;Rock;ROCK;Demon Days;150
ewMPQm7LCw;2;Carry on Wayward Son;Kansas;Rock;ROCK;Leftoverture;40
RDXRSUA19I;8;Pink + White;Frank Ocean;Pop;POP;Blonde;71
EzI6psdcyE;2;On Melancholy Hill;Gorillaz;Pop;POP;Plastic Beach;400
8AxIDcHePL;1;Poke the GOAT;Gideon;pop;POP;n/a;100
6ue4Mbvoft;9;Fall in Line;Yung Rare, Kxng;Hip Hop;HIP HOP;Fall in Line;700
RDXRSUA19I;7;Above the Chinese Restaurant ;Laufey;Alternative;ALTERNATIVE;Everything I know about love;80
6ue4Mbvoft;8;Moshi Moshi;Yung Rare, Pyrxciter, Young zetton;Hip Hop;HIP HOP;Moshi Moshi;600
EzI6psdcyE;9;Alien Blues;Vundabar;Rock;ROCK;Gawk;100
RDXRSUA19I;6;Circles;Pierce the Veil;Rock;ROCK;Misadventures;80
ewMPQm7LCw;4;Piano Man;Billy Joel;Rock;ROCK;Piano Man;50
EzI6psdcyE;1;Unsainted;Slipknot;Metal;METAL;We Are Not Your Kind;500
RDXRSUA19I;5;Bulls in the Bronx;Pierce the Veil;Rock;ROCK;Collide With the Sky;80
sIpTXaxH0i;2;Ghost Town;Kanye West;R&B;R&B;YE;300
EzI6psdcyE;4;Nero Forte;Slipknot;Metal;METAL;We Are Not Your Kind;300
6ue4Mbvoft;7;I duckinf hatw you;Ghostemane, Parv0;Metal;METAL;the EP;600
ewMPQm7LCw;5;The Longest Time;Billy Joel;Rock;ROCK;An Innocent Man;60
RDXRSUA19I;5;Decode;Paramore;Alternative;ALTERNATIVE;Twilight motion Picture Sound track (Paramore);60
6ue4Mbvoft;6;My Axe;Insane Clown Posse;Miscellaneous;MISCELLANEOUS;Jugganauts;600
EzI6psdcyE;5;Die With A Smile;Bruno Mars, Lady Gaga;Rock;ROCK;Die With A Smile (It was a single);6
RDXRSUA19I;4;Lover, You Should've Come Over;Jeff Buckley ;Rock;ROCK;Grace;100
TEHqbHLFqx;1;Glorious;Macklemore;Pop;POP;Single;300
6ue4Mbvoft;5;Fallout 76: Ring of Fire;Copilot Music + Sound, Spank;Country;COUNTRY;Fallout 76;600
RDXRSUA19I;3;Bewitched;Laufey;Jazz;JAZZ;Bewitched;80
EzI6psdcyE;7;Emerald Star;Lord Huron;Indie;INDIE;Vide Noir;400
6ue4Mbvoft;4;Till I Collapse;Eminem, Nate Dogg;Hip Hop;HIP HOP;The Eminem Show;700
TEHqbHLFqx;2;God Needs The Devil;Jonah Kagen;Country;COUNTRY;Black Dress;270
EzI6psdcyE;10;The Night We Met;Lord Huron;Indie;INDIE;Strange Trails;350
RDXRSUA19I;2;If I Ever Fall In Love again;Shai;Alternative;ALTERNATIVE;If I Ever Fall In Love Again;40
6ue4Mbvoft;3;Clint Eastwood;Gorillaz, Del The Funky Homosapien;Rock;ROCK;Gorillaz;700
8AxIDcHePL;2;I Turned 3rd life into a song ;Evil Anvil;pop;POP;n/a;50
TEHqbHLFqx;3;Breathe;Olly Alexander;Alternative;ALTERNATIVE;Communion;200
ewMPQm7LCw;6;Bohemian Rhapsody;Queen;Rock;ROCK;A Night at the Opera;85
RDXRSUA19I;1;Hush;The Mar√≠as;Alternative;ALTERNATIVE;CINEMA;30
6ue4Mbvoft;2;Give and Take;Poor Man's Poison;Country;COUNTRY;In the End;800
EzI6psdcyE;6;Just The Way You Are;Bruno Mars;Pop;POP;Doo-Wops and Hooligans;200
TEHqbHLFqx;4;Figure You Out;VOILA;Alternative;ALTERNATIVE;Single;150
ewMPQm7LCw;7;Don't Stop Believin';Journey;Rock;ROCK;Escape;80
sIpTXaxH0i;3;NHH;Kanye West;Hip Hop;HIP HOP;NHH;150
ewMPQm7LCw;8;Hey There Delilah;Plain White T's;Pop;POP;All That We Needed;60
TEHqbHLFqx;5;Can't Hold Us;Macklemore;Pop;POP;The Heist;250
6ue4Mbvoft;1;UGA UGA BAM BAM;The Butcher Sisters;Metal;METAL;UGA UGA BAM BAM;800
TEHqbHLFqx;6;Thrift Shop;Macklemore;Pop;POP;The Heist;250
8AxIDcHePL;3;A Little Theorizing ;the stupendium;Hip Hop;HIP HOP;n/a;50
TEHqbHLFqx;7;Warriors;Imagine Dragons;Pop;POP;Rock;150
TEHqbHLFqx;8;How It's Done;HUNTR/X;K-pop;K-POP;KPop Demon Hunters;80
sIpTXaxH0i;4;Runaway;Kanye West;R&B;R&B;My Beautiful Dark Twisted Fantasy;300
ewMPQm7LCw;10;You Are The Reason;Calum Scott;Pop;POP;Only Human;40
TEHqbHLFqx;9;Devil in Disguise;Marino;Alternative;ALTERNATIVE;Single;120
TEHqbHLFqx;10;Still Hot;Connor Price;Hip Hop;HIP HOP;Till Next Time;140
8AxIDcHePL;4;We Didn't Start the Fire;Billy Joel ;pop;POP;Storm Front;100
sIpTXaxH0i;5;Kilby Girl;The Backseat Lovers;Alternative;ALTERNATIVE;When We Were Friends;120
sIpTXaxH0i;6;Homecoming;Kanye West;R&B;R&B;Graduation;400
wahoWw4LEd;1;Lovers;Kiltro;Rock;ROCK;Creatures of Habit;52
wahoWw4LEd;2;Neighborhood #1 (Tunnels);Arcade Fire;Indie;INDIE;Funeral;65
sIpTXaxH0i;7;Again;Fetty Wap;Hip Hop;HIP HOP;It's Like It's 2015 Again;120
wahoWw4LEd;3;Light Rail;Lena Raine;EDM;EDM;Oneknowing;20
wahoWw4LEd;4;The Bug Collector;Haley Heynderickx;Country;COUNTRY;I Need to Start a Garden;40
sIpTXaxH0i;8;Lego NINJAGO Ghost Whip;The Fold;Pop;POP;Lego NINJAGO Ghost Whip;80
vod4PjYK2S;1;Kingslayer;Caster;EDM;EDM;Kingslayer;150
vod4PjYK2S;2;Isolation;Mewnlight Rose;EDM;EDM;Isolation;60
vod4PjYK2S;3;Invert;Geoplex;EDM;EDM;Invert;60
wahoWw4LEd;5;Plasticities;Andrew Bird;Indie;INDIE;Armchair Apocrypha;25
qruj9FNwow;1;Live and Let Die;Wings;Rock;ROCK;Red Rose Speedway;175
vod4PjYK2S;4;Battle for Eternity;Everen Maxwell;EDM;EDM;Battle for Eternity;80
vod4PjYK2S;5;Pirate Afterparty;Teminite;EDM;EDM;Raise the Black Flag;200
qruj9FNwow;2;Deutschland;Rammstein;Metal;METAL;Rammstein;85
vod4PjYK2S;6;The Master;Teminite;EDM;EDM;The Master;150
wahoWw4LEd;6;Actor Out of Work;St. Vincent;Indie;INDIE;Actor;30
sIpTXaxH0i;9;Stars Over Lake Verity;Go Ichinose;Classical;CLASSICAL;Time & Space;100
vod4PjYK2S;7;Firepower;Teminite;EDM;EDM;Firepower;120
qruj9FNwow;3;Rockin Down the Highway;The Doobie Brothers;Rock;ROCK;Toulouse Street;75
vod4PjYK2S;8;A Day at Sea;Everen Maxwell;EDM;EDM;A Day at Sea;70
qruj9FNwow;4;Yellow Submarine;The Beatles;Rock;ROCK;Revolver;95
vod4PjYK2S;9;Gold;Xtrullor;EDM;EDM;Gold;50
qruj9FNwow;5;Saginaw, Michigan;Johnny Cash;Country;COUNTRY;Bootleg Vol. I: Personal File;75
vod4PjYK2S;10;Supercharge;MDK;EDM;EDM;Supercharge;60
qruj9FNwow;6;Selene;Imagine Dragons;Rock;ROCK;Hell and Silence EP;205
qruj9FNwow;7;Now and Then;The Beatles;Rock;ROCK;Now and Then;90
sIpTXaxH0i;10;Find Me In Your Dreams;Ace of Hearts;Alternative;ALTERNATIVE;Frozen In Time;50
wahoWw4LEd;7;Of Age;Yvette Young;Rock;ROCK;Acoustics;45
qruj9FNwow;8;Turn the Lights Back On;Billy Joel;Pop;POP;Turn the Lights Back On;75
qruj9FNwow;9;Ramble On;Led Zeppelin;Rock;ROCK;Led Zeppelin II;45
wahoWw4LEd;8;Pieces Of You;Islands;Indie;INDIE;Arm's Way;55
qruj9FNwow;10;Be Concerned;Twenty One Pilots;Rock;ROCK;Regional at Best;35
mBz9FO5uqn;5;ErdbeerKuchen;AnnenMayKantereit;Indie;INDIE;Es ist Abend und wir sitzen bei mir;100
mBz9FO5uqn;4;Ich geh heut nicht mehr tanzen;AnnenMayKantereit;Indie;INDIE;Schlagschatten;100
wahoWw4LEd;9;Left Alone;Fiona Apple;Pop;POP;The Idler Wheel...;50
mBz9FO5uqn;6;Senses;MICO;Indie;INDIE;Internet hometown hero;50
mBz9FO5uqn;7;reckless driving;Lizzy McAlpine, Ben Kessler;Indie;INDIE;five seconds flat;80
wahoWw4LEd;10;CANDLEBURN - Dorm Demo;Rabbitology;Alternative;ALTERNATIVE;CANDLEBURN (Dorm Demo);20
mBz9FO5uqn;10;Ship in a Bottle;fin;Indie;INDIE;Lost at Sea;50
8AxIDcHePL;6;Overwhelmed and underfed;del chupenebray;Classical;CLASSICAL;Hungry Hermits;30
mBz9FO5uqn;9;Poster Boy;Lyn Lapid;Indie;INDIE;to love in the 21st century;120
mBz9FO5uqn;2;Frankenstein;Claire Rosinkranz;Indie;INDIE;Frankenstein;80
mBz9FO5uqn;1;i'm too pretty for this;Claire Rosinkranz;Indie;INDIE;i'm too pretty for this;50
8AxIDcHePL;7;Pigstep;Lena Raine;EDM;EDM;n/a;50
8AxIDcHePL;8;still alive;Ellen McLain;pop;POP;the Orange box;50
8AxIDcHePL;9;Win It All;Derivakat;pop;POP;win it all;50
8AxIDcHePL;10;Welcome to the internet ;Bo Burnham;pop;POP;inside ;50
dBv2mfmjnH;1;Paranoid Android;Radiohead;Alternative;ALTERNATIVE;OK Computer;400
dBv2mfmjnH;2;Jigsaw Falling Into Place;Radiohead;Alternative;ALTERNATIVE;In Rainbows;350
dBv2mfmjnH;3;Losing My Religion;R.E.M.;Alternative;ALTERNATIVE;Out Of Time;150
dBv2mfmjnH;4;Black Hole Sun;Soundgarden;Alternative;ALTERNATIVE;Superunknown;150
dBv2mfmjnH;5;(Don't Fear) The Reaper;Blue Oyster Cult;Rock;ROCK;Agents of Fortune;200
dBv2mfmjnH;6;Miss You;The Rolling Stones;EDM;EDM;Some Girls;150
dBv2mfmjnH;7;I'm Not In Love;10cc;Rock;ROCK;The Original Soundtrack;100
dBv2mfmjnH;8;Everything She Wants;WHAM!;EDM;EDM;Make It Big;100
dBv2mfmjnH;9;I Wouldn't Want to Be Like You;The Alan Parsons Project;Rock;ROCK;I Robot;150
dBv2mfmjnH;10;I Keep Forgettin' (Every Time You're Near);Michael McDonald;R&B;R&B;If That's What It Takes;150
hcrCRe2evs;1;Big Shot;Toby Fox;OST;OST;DELTARUNE Chapter 2 (Original Game Soundtrack);600
hcrCRe2evs;2;All My Life;Foo Fighters;Alternative;ALTERNATIVE;One by One;50
hcrCRe2evs;3;Seven Nation Army;The White Stripes;Alternative;ALTERNATIVE;Elephant;300
hcrCRe2evs;4;Somebody Told Me;The Killers;Alternative;ALTERNATIVE;Hot Fuss;100
hcrCRe2evs;5;Duck and Run;3 Doors Down;Alternative;ALTERNATIVE;The Better Life;75
hcrCRe2evs;6;Believer;Imagine Dragons;Rock;ROCK;Evolve;400
hcrCRe2evs;7;Centuries;Fall Out Boy;Rock;ROCK;American Beauty/American Psycho;500
hcrCRe2evs;8;Gravity Falls Main Theme;Brad Breeck;OST;OST;Gravity Falls (Original Soundtrack);350
hcrCRe2evs;9;White and Nerdy;"""Weird Al"" Yankovic";Rock;ROCK;Straight Outta Lynwood;150
hcrCRe2evs;10;I Ran (So Far Away);A Flock of Seagulls;Pop;POP;A Flock of Seagulls;100
1feL83RI80;1;Cruisin' for a Bluesin';Maynard Ferguson;Jazz;JAZZ;Footpath Cafe;120
1feL83RI80;2;Night Flight;Sammy Nestico;Jazz;JAZZ;No Time Like the Present;90
1feL83RI80;3;Night in Tunisia;Jesus Molina;Jazz;JAZZ;Departing;50
1feL83RI80;4;One Vision;Queen;Rock;ROCK;A Kind of Magic ;20
1feL83RI80;5;The First Circle;Bob Curnow's L.A. Big Band;Jazz;JAZZ;Music of Pat Metheny & Lyle Mays;50
1feL83RI80;6;Sir Duke;Stevie Wonder;R&B;R&B;Songs in the Key of Life;50
1feL83RI80;7;Tiger of San Pedro;John La Barbera Big Band;Jazz;JAZZ;On the Wild Side;100
1feL83RI80;8;Indra;Stan Kenton;Jazz;JAZZ;Live at Butler University;30
d6b4nyADX1;10;Bruddanem;JID;Hip hop;HIP HOP;The Forever Story;100
1feL83RI80;9;Not Yet;Michel Camilo;Jazz;JAZZ;Once More Once;70
1feL83RI80;10;Coconut Champagne;Maynard Ferguson;Jazz;JAZZ;Live From San Fransico;20
d6b4nyADX1;9;Redbone;Childish Gambino;R&B;R&B;"""Awaken, My Love!""";60
d6b4nyADX1;8;See You Again;Tyler the Creator;Hip hop;HIP HOP;Flower Boy;100
d6b4nyADX1;7;Scenes from an Italian Restaurant;Billy Joel;Rock;ROCK;The Stranger;60
d6b4nyADX1;6;Wholeheartedly;JID;hip hop;HIP HOP;God Does Like Ugly;35
d6b4nyADX1;5;DARE;Gorillaz;Alternative;ALTERNATIVE;Demon Days;45
d6b4nyADX1;4;Digital Love;Daft Punk;EDM;EDM;Discovery;30
d6b4nyADX1;3;Alright;Kendrick Lamar;hip hop;HIP HOP;To Pimp a Butterfly;150
d6b4nyADX1;2;Ivy;Frank Ocean;Pop;POP;Blonde;100
d6b4nyADX1;1;GONE GONE / THANKYOU;Tyler the Creator;hip hop;HIP HOP;IGOR;150
aJqyRoyI27;5;echoes;xxsagexx;EDM;EDM;24-Sep;250
RYzSjSc0fl;1;Kawakinoameku;Minami;Pop;POP;Kawaki wo Ameku;250
RYzSjSc0fl;2;Fukashigi no Carte;Kubo Yurika, Minase Inori, Seto Asami, Tanezaki Atsumi, Touyama Nao, Uchida Maaya;Pop;POP;N/A;200
RYzSjSc0fl;3;Green Jade;ChouCho;Pop;POP;N/A;227
RYzSjSc0fl;4;Memento;nonoc;Pop;POP;N/A;300
RYzSjSc0fl;5;Charles;Ado;Pop;POP;Charles;130
RYzSjSc0fl;6;Gira Gira;Ado;Pop;POP;Ky≈çgen;150
RYzSjSc0fl;7;Elf;Ado;Pop;POP;Elf;50
RYzSjSc0fl;8;Backlight;Ado;Pop;POP;UTA'S SONGS ONE PIECE FILM RED;70
RYzSjSc0fl;9;Ussewa;Ado;Pop;POP;Ky≈çgen;110
RYzSjSc0fl;10;Idol;YOASOBI;Pop;POP;The Book 3;350
PaA281p1ET;2;Through The Wire;Kanye West;Hip hop;HIP HOP;The College Dropout;60
PaA281p1ET;1;All Of The Lights;Kanye West;Hip hop;HIP HOP;My Beautiful Dark Twisted Fantasy;80
PaA281p1ET;3;Homecoming;Kanye West;Hip hop;HIP HOP;Graduation;60
6nNNXGgKHD;10;Beaches;beabadoobee;Pop;POP;This Is How Tomorrow Moves;10
PaA281p1ET;4;Welcome Home, Son;Radical Face;Alternative;ALTERNATIVE;Ghost;15
6nNNXGgKHD;9;yes, and?;Ariana Grande;Pop;POP;eternal sunshine;9
PaA281p1ET;5;Promiscuous;Nelly Furtado;R&B;R&B;Loose;30
6nNNXGgKHD;8;Circles;Pierce the Veil;Rock;ROCK;Misadventures;8
6nNNXGgKHD;7;Busy Woman;Sabrina Carpenter;Pop;POP;Short n' Sweet (Deluxe);7
PaA281p1ET;6;Rockstar;DaBaby;Hip hop;HIP HOP;Blame It On Baby;70
PaA281p1ET;7;Hate Me Now;Nas;hip hop;HIP HOP;I Am...;20
6nNNXGgKHD;6;Normal Girl;SZA;R&B;R&B;Ctrl;6
PaA281p1ET;8;The Chain - 2004 Remaster;Fleetwood Mac;Rock;ROCK;Rumours (Super Deluxe);55
PaA281p1ET;9;Some Nights;fun.;Rock;ROCK;Some nights;75
6nNNXGgKHD;5;Bulletproof Love;Pierce the Veil;Rock;ROCK;Selfish Machines;8
6nNNXGgKHD;4;Cinema;Harry Styles;Pop;POP;Harry's House;9
PaA281p1ET;10;Come On Eileen;Dexys Midnight Runners;Rock;ROCK;Too Rye Ay;40
6nNNXGgKHD;3;Baby;Charli xcx;Pop;POP;Crash;10
6nNNXGgKHD;2;Pier 4 ;Clairo;Indie;INDIE;Charm;11
6nNNXGgKHD;1;Yuck;Charli xcx;Pop;POP;Crash;12
9LUoQrt9I4;1;Brand New Numb;Motionless In white;Metal;METAL;Disguise ;100
9LUoQrt9I4;2;Stuck;Villain Of the Story;Metal;METAL;Bloodshot;80
9LUoQrt9I4;3;Doomed;I prevail;Metal;METAL;True Power;50
9LUoQrt9I4;4;All the ways I could Die;Arrows in Action;Rock;ROCK;Be More;30
U5rztaoXMY;1;Ma Meilleure Ennemie ;Pomme, Arcane, Stromae, League of Legends;EDM;EDM;Arcane League of Legends: Season 2;100
9LUoQrt9I4;5;Rats;Motionless In White;Metal;METAL;Graveyard Shift;65
U5rztaoXMY;2;her;JVKE;Alternative;ALTERNATIVE;her;10
U5rztaoXMY;3;Everything is romantic;Orchestra Club, Alina Kay;Pop;POP;Everything is romantic ;20
U5rztaoXMY;4;Would You Fall In Love With Me Again;Anna Lea, Jorge Rivera-Herrans;Musical;MUSICAL;EPIC: The Ithaca Saga (Official Concept Album);500
U5rztaoXMY;5;The Line ; Twenty One Pilots, Arcane, League of Legends;Alternative;ALTERNATIVE;Arcane League of Legends: Season 2;300
9LUoQrt9I4;7;All Squeezed Out;The Home Team;Rock;ROCK;The Crucible of Life;20
U5rztaoXMY;6;Eternity ;Alex Warren;Pop;POP;You'll Be Alright, Kid;50
9LUoQrt9I4;8;Perfect;My Darkest Days;Alternative;ALTERNATIVE;Sick and Twisted Affair;60
U5rztaoXMY;7;Rainy Day;Ice Nine Kills ;Metal;METAL;The Silver Scream 2: Welcome to Horrorwood;100
U5rztaoXMY;8;We'll Be Fine; Miguel Veloso, Teagan Earley, Jorge Rivera-Herrans;Musical;MUSICAL; EPIC: The Wisdom Saga (Official Concept Album);200
9LUoQrt9I4;9;Stop The World;Disaster Theory;Metal;METAL;Stop the World (Single);30
U5rztaoXMY;9;APOCALIPS;Ghosting Merit;Pop;POP;APOCALIPS;50
U5rztaoXMY;10;Running with the Wolves ;AURORA;Pop;POP;All My Demons Greeting Me as a Friend;75
9LUoQrt9I4;10;Unlikely ;Disaster Theory;Alternative;ALTERNATIVE;Unlikely (single);30
FVdkSwhAVU;1;Thorns of Crimson Death;Dissection;Metal;METAL;Storm of the Light's Bane;200
FVdkSwhAVU;2;Soulreaper;Dissection;Metal;METAL;Storm of the Light's Bane;200
FVdkSwhAVU;3;Raining Blood;Slayer;Metal;METAL;Reign in Blood;170
FVdkSwhAVU;4;Die By the Sword;Slayer;Metal;METAL;Show No Mercy;170
FVdkSwhAVU;5;War Ensemble;Slayer;Metal;METAL;Seasons in the Abyss;170
FVdkSwhAVU;6;Tsar Bomba;Necrophobic;Metal;METAL;Mark of the Necrogram;140
FVdkSwhAVU;7;Crawled From the Shadows;Deicide;Metal;METAL;Overtures of Blasphemy;185
FVdkSwhAVU;8;All That is Evil;Deicide;Metal;METAL;Overtures of Blasphemy;170
FVdkSwhAVU;9;Serpents of the Light;Deicide;Metal;METAL;Serpents of the Light;185
FVdkSwhAVU;10;Welcome to Hel;Rotting Christ;Metal;METAL;Kata Ton Daimona Eaytoy;140
hRqrQGesoM;1;At a Medium Pace;Adam Sandler;Comedy;COMEDY;They're All Gonna Laugh At You;46
hRqrQGesoM;2;Tremble of the Land and Sea - Lagiacrus;Yuko Komiyama;Classical;CLASSICAL;Monster Hunter 3 (tri) Original Soundtrack;75
hRqrQGesoM;3;Haus am See;Peter Fox;Pop;POP;Stadtaffe;20
d72tn8TW4r;1;Medium Pace; Adam Sandler;Pop;POP;They're all Gonna Laugh At You;26
d72tn8TW4r;2;Bullug Gegbug Ibgabiug Gixcure Dagabciea Fuic;KEYGEN CHURCH;Metal;METAL;‚ñà ‚ñì;14
hRqrQGesoM;4;Amish Paradise;"""Weird Al"" Yankovic";Comedy;COMEDY;Bad Hair Day;23
hRqrQGesoM;5;Mein Herz Brennt;Rammstein;Metal;METAL;Mutter;43
eYE2yurHtM;1;Duvet;Boa;Indie;INDIE;Twilight;750
eYE2yurHtM;2;Orange Moon;Erykah Badu;R&B;R&B;Mama's Gun;200
eYE2yurHtM;3;Place To Be;Nick Drake;Country;COUNTRY;Pink Moon;150
eYE2yurHtM;4;Didn't Cha Know;Erykah Badu;R&B;R&B;Mama's Gun;150
eYE2yurHtM;5;Ex-Factor;Ms. Lauryn Hill;R&B;R&B;The Miseducation of Lauryn Hill;200
eYE2yurHtM;6;Doo Wop (That Thing);Ms. Lauryn Hill;R&B;R&B;The Miseducation of Lauryn Hill;150
eYE2yurHtM;7;Show Me;Joey Bada$$;hip hop;HIP HOP;2000;100
eYE2yurHtM;8;Never Catch Me;Flying Lotus, Kendrick Lamar;hip hop;HIP HOP;You're Dead!;100
eYE2yurHtM;9;Only A Fool Would Say That;Steely Dan;Jazz;JAZZ;Can't Buy A Thrill;100
eYE2yurHtM;10;Grey Street;Dave Matthews Band;Rock;ROCK;Busted Stuff;75
d72tn8TW4r;3;Wolf Totem;The HU;Metal;METAL;None;17
hRqrQGesoM;6;Take Me Home, Country Roads;John Denver;Country;COUNTRY;Poems, Prayers, and Promises;30
d72tn8TW4r;4;Radioactive;Imagine Dragons;Pop;POP;Night Visions;37
hRqrQGesoM;7;Chinggis khaanii Magtaal;Batzorig Vaanchig;Miscellaneous;MISCELLANEOUS;n/a;37
hRqrQGesoM;8;All I Want for Christmas is You;Mariah Carey;Miscellaneous;MISCELLANEOUS;Merry Christmas;100
hRqrQGesoM;9;Bring Me To Life;Evanescence;Rock;ROCK;Fallen;35
hRqrQGesoM;10;Auf und auf voll Lebenslust;Franzl Lang;Miscellaneous;MISCELLANEOUS;single (n/a);19
d72tn8TW4r;6;Before He Cheats;Carrie Underwood;Country;COUNTRY;Some Hearts;9
d72tn8TW4r;7;Martin Luther King;Yuno Miles;hip hop;HIP HOP;None;23
d72tn8TW4r;8;Smoke on the Water;Deep Purple;Rock;ROCK;Machine Head;70
d72tn8TW4r;9;Death Roads;Doug Doug;Comedy;COMEDY;None;7
d72tn8TW4r;10;Fallen Kingdom;Captain Sparklez;Comedy;COMEDY;None;59
UXePdqNrOd;3;The Moss;Cosmo Sheldrake ;Indie;INDIE;Old Tunes EP;120
9gfr5JrPaC;5;Broken Vessel;Christopher Larkin;OST;OST;Hollow Knight Original Soundtrack;125
9gfr5JrPaC;4;Cogwork Dancers;Christopher Larkin;OST;OST;Hollow Knight: Silksong Official Soundtrack;30
9gfr5JrPaC;2;Sealed Vessel;Christopher Larkin;OST;OST;Hollow Knight Official Soundtrack;90
9gfr5JrPaC;1;Pale Court;Christopher Larkin;OST;OST;Hollow Knight: Gods and Glory Official Soundtrack;180
9gfr5JrPaC;3;Rivers in the Desert;Lyn;OST;OST;PERSONA5 ORIGINAL SOUNDTRACK;100
9gfr5JrPaC;6;Night Walker (Linne Theme);Raito;Ost;OST;UNDER NIGHT IN-BIRTH Exe: Late (Original Soundtrack);40
9gfr5JrPaC;7;Unfounded Revenge Smashing Song of Praise;HAL Laboratory;ost;OST;Super Smash bros. Ultimate Soundtrack;80
9gfr5JrPaC;8;Reach for the Summit;Lena Raine;ost;OST;Celeste (Original Soundtrack);30
9gfr5JrPaC;9;Full Moon Full Life;Azumi Takahashi, Lotus Juice;hip hop;HIP HOP;Persona 3 Reload Original Soundtrack;55
9gfr5JrPaC;10;Widow;Christopher Larkin;ost;OST;Hollow Knight: Silksong Official Soundtrack;40
whGBQKRc8k;1;Never Meant to Belong ;Shiro Sagisu;classical;CLASSICAL;Bleach Original Soundtrack 1;130
0DH3e7nrLs;1;American Idiot;Green Day;rock;ROCK;American Idiot;10
0DH3e7nrLs;6;Wake me up when September ends;Green Day;rock;ROCK;American Idiot;6
whGBQKRc8k;2;This Life is Mine;Jeff Williams and Casey Lee Williams;ost;OST;RWBY: Volume 4 Soundtrack;100
whGBQKRc8k;3;Drunk;Keshi;alternative;ALTERNATIVE;Always;95
whGBQKRc8k;4;This Silence is Mine;Chihiro Onitsuka;J-pop;J-POP;This Silence Is Mine / „ÅÇ„Å™„Åü„Å®SciencE;70
whGBQKRc8k;5;Bodies;Keshi;r&b;R&B;Requiem;80
whGBQKRc8k;7;Hard to be Human;Anson Seabra;pop;POP;Hard to be Human;80
whGBQKRc8k;8;Taller;Clinton Kane;Pop;POP;Taller;85
whGBQKRc8k;9;I Always Fall;Eli Wilson and Promoting Sounds;Pop;POP;I Always Fall;75
whGBQKRc8k;10;Ruthlessness;Jorge Rivera-Herran, Steven Rodriguez Jr., Epic the Musical Cast;rock;ROCK;EPIC: The Ocean Saga;70
whGBQKRc8k;6;Black Sorrow;Park Byeong Hoon;rock;ROCK;Black Sorrow(VIVINOS-ALNST Original Soundtrack Part. 4);65
0DH3e7nrLs;8;Burnout;Green Day;rock;ROCK;Dookie;5
0DH3e7nrLs;7;The sound of silence;Disturbed;rock;ROCK;Immortalized;10
0DH3e7nrLs;9;Basket Case;Green Day;rock;ROCK;Dookie;5
0DH3e7nrLs;10;When I come around;Green Day;rock;ROCK;Dookie;5
0DH3e7nrLs;4;The end of the universe;AsapSCIENCE;pop;POP;The end of the Universe;10
0DH3e7nrLs;5;The pi song;AsapSCIENCE;pop;POP;the pi song;30
0DH3e7nrLs;2;The periodic table song;AsapSCIENCE;pop;POP;the periodic table song;100
0DH3e7nrLs;3;Science wars;AsapSCIENCE;pop;POP;Science wars;10
d72tn8TW4r;5;Starships;Lil Texas;EDM;EDM;None;4
fG7gRoao4B;1;Running In Circles;Dead Poet Society;indie;INDIE;FISSION;400
fG7gRoao4B;2;No Bystanders;Travis Scott;hip hop;HIP HOP;Astroworld;1000
fG7gRoao4B;3;Locked Out Of Heaven;Bruno Mars;pop;POP;Unorthodox Jukebox;300
fG7gRoao4B;4;No Way Back;Exyl;EDM;EDM;Save This World;500
fG7gRoao4B;5;Black Flag Freestyle;Denzel Curry (ft. That Mexican OT);hip hop;HIP HOP;King of the Mischievous South Vol. 2;600
fG7gRoao4B;6;September;Earth, Wind & Fire;rock;ROCK;The Best of Earth, Wind & Fire, Vol. 1;200
fG7gRoao4B;7;Feel That Way;Ellis;EDM;EDM;Feel That Way (Single);300
fG7gRoao4B;8;Homecoming;Kanye West (Ft. Chris Martin);r&b;R&B;Graduation;150
fG7gRoao4B;9;CHAMPAIN & VACAY;Travis Scott & Don Toliver;hip hop;HIP HOP;JACKBOYS 2;250
fG7gRoao4B;10;Touch The Sky;Kanye West (ft. Lupe Fiasco);hip hop;HIP HOP;Late Registration;300
kLmtR5NPfF;1;Another Song About The Weekend (Acoustic);A Day To Remember;pop;POP;Attack Of The Killer B-Sides;232
kLmtR5NPfF;2;Last Shot;templuv (ft. 347aidan);EDM;EDM;VALORANT Champions 2025 Anthem;43
kLmtR5NPfF;3;Mi Noog;Sudden Rush;Rock;ROCK;Suddenrush;188
kLmtR5NPfF;4;UNDERTALE;Toby Fox;EDM;EDM;Undertale;87
kLmtR5NPfF;5;Sunflower;Post Malone, Swae Lee;Pop;POP;Hollywood's Bleeding;101
kLmtR5NPfF;6;Let Down;Radiohead;Alternative;ALTERNATIVE;OK Computer;97
kLmtR5NPfF;7;Slow Dancing in the Dark;Joji;R&B;R&B;Ballads 1;55
kLmtR5NPfF;8;Black Sheep (Brie Larson Vocal Version);Metric;Alternative;ALTERNATIVE;Scott Pilgrim vs. the World;77
kLmtR5NPfF;9;Back on 74;Jungle;r&b;R&B;Volcano;76
kLmtR5NPfF;10;Ultimate Showdown;Lemon Demon;Alternative;ALTERNATIVE;Dinosaurchestra;63
pt2Q2caAOW;1;Typing: 1974-2048;The Faint;Alternative;ALTERNATIVE;Media;200
pt2Q2caAOW;2;Syntax Lies;Media;Alternative;ALTERNATIVE;Media;190
pt2Q2caAOW;3;Athoth a Go!! Go!!;Machine Girl;Alternative;ALTERNATIVE;Because I'm Young Arrogant and Hate Everything You Stand For;180
pt2Q2caAOW;4;Debaser;Pixies;Alternative;ALTERNATIVE;Doolittle;200
pt2Q2caAOW;5;Ziggy Stardust;Bauhaus;Rock;ROCK;The Sky's Gone Out;175
pt2Q2caAOW;6;Mkultra Victim;Negative XP;Alternative;ALTERNATIVE;Mkultra Support Group, Vol. 1;300
pt2Q2caAOW;7;Caribou;Pixies;Alternative;ALTERNATIVE;Come On Pilgrim;300
pt2Q2caAOW;8;Letter to Memphis;Pixies;Alternative;ALTERNATIVE;Trompe le Monde;300
pt2Q2caAOW;9;The Good Life;Weezer;Alternative;ALTERNATIVE;Pinkerton;200
pt2Q2caAOW;10;Stoned Obituary;The Legendary Pink Dots;Indie;INDIE;Curse;100
jCwZHjLO7b;5;Under Your Spell;Snow Strippers;EDM;EDM;April Mixtape 3;25
3kNepX3xeq;1;Where the Wild Things Are;Luke Combs;Country;COUNTRY;Gettin' Old;250
3kNepX3xeq;2;Whiskey Lullaby;Drew Jacobs & Caitlynne Curtis;Country;COUNTRY;Whiskey Lullaby;175
3kNepX3xeq;3;Run Away to Mars;TALK;Pop;POP;Run Away to Mars;150
3kNepX3xeq;4;7 Years;Lukas Graham;Pop;POP;Lukas Graham;150
teP0JFiKod;1;Commatose;glass beach;indie;INDIE;plastic death;40
3kNepX3xeq;5;a thousand years;Christina Perry;Pop;POP;a thousand years;140
teP0JFiKod;2;drive ME crazy!;lil yachty;Miscellaneous;MISCELLANEOUS;Let's Start Here.;30
3kNepX3xeq;6;No Matter What;Jamie Miller;Pop;POP;The Things I Left Unsaid;100
3kNepX3xeq;7;Let Her Go;Passenger;Country;COUNTRY;All The Little Lights;90
ZxOLXrLtgF;1;ROACHES;LuLuYam;EDM;EDM;ROACHES;250
3kNepX3xeq;8;Another Love;Tom Odell;Indie;INDIE;Long Way Down;90
3kNepX3xeq;9;If You Love Her;Forest Blakk;Pop;POP;If You Love Her;90
teP0JFiKod;3;Cable Kid: Comes Back to Play;Koraii;Miscellaneous;MISCELLANEOUS;Cable Kid: Comes Back to Play;50
teP0JFiKod;4;Cable Kid;Koraii;Miscellaneous;MISCELLANEOUS;Lilysse After Dark: Vol. 2;35
3kNepX3xeq;10;I Can Only Imagine;MercyMe;Miscellaneous;MISCELLANEOUS;Almost There;95
LpZCYdRoyf;5;Everything Must Go;Nero's Day At Disneyland;EDM;EDM;From Rotting Fantasylands;100
teP0JFiKod;5;Empress;Koraii;EDM;EDM;Empress;20
ZxOLXrLtgF;2;Animal I Have Become;Three Days Grace;Rock;ROCK;One-X;80
teP0JFiKod;6;Meet The Frownies;Mr Twin Sister;Indie;INDIE;Meet the Frownies;25
LpZCYdRoyf;9;In Aisles;Nero's Day at Disneyland;EDM;EDM;From Rotting Fantasylands;150
ZxOLXrLtgF;3;YEAYEAYEA;LuLuYam;EDM;EDM;BURNOUT;120
teP0JFiKod;7;LOVELOVELOVELOVELOVELOVE;six impala;EDM;EDM;WFLYTD;30
LpZCYdRoyf;8;ATE;DEATHPIXIE;EDM;EDM;ATE;200
teP0JFiKod;8;Lost;Crim3s;EDM;EDM;Stay Ugly;100
teP0JFiKod;9;Sky and Soul;Creo;EDM;EDM;Sky and Soul;15
LpZCYdRoyf;7;Anchor Song;Peter Bellamy;Country;COUNTRY;Anchor Song;100
LpZCYdRoyf;6;ERROR;ROMANTICA;EDM;EDM;ERROR;100
teP0JFiKod;10;either on or off the drugs;JPEGMAFIA;hip hop;HIP HOP;I LAY DOWN MY LIFE FOR YOU;26
pC5YFYYN8S;1;Heavy Is the Crown;Linkin Park;Rock;ROCK;From Zero;394
LpZCYdRoyf;5;ATTACKING VERTICAL;femtanyl;pop;POP;REACTOR;200
D53rCB2Xxt;1;Socioenvy;NateWantsToBattle;Metal;METAL;To Let Go;300
D53rCB2Xxt;2;this is what autumn feels like;JVKE;indie;INDIE;this this is what autumn feels like;275
LpZCYdRoyf;4;Pact With God;Nero's Day at Dineyland;EDM;EDM;Colonists;200
pC5YFYYN8S;2;7 nation army;The White Stripes, The Glitch Mob;Rock;ROCK;Elephant;450
YF7dqPuiWw;1;I Love You More Each Time You Die;Goreshit;pop;POP;Goretrance X;120
LpZCYdRoyf;3;Beautiful Princess Disorder;milkypossum;EDM;EDM;THE NEET EP;200
pC5YFYYN8S;3;Monster;Skillet;Rock;ROCK;Awake;325
YF7dqPuiWw;2;Machine Love;Jamie Page;Pop;POP;Constant Companions;150
LpZCYdRoyf;2;Run Devil Run;Haunted like Human;country;COUNTRY;Tall Tales & Fables;100
YF7dqPuiWw;3;GONE, GONE / THANK YOU;Tyler, The Creator;hip hop;HIP HOP;IGOR;100
pC5YFYYN8S;4;Street Fight;Adam Jensen;Pop;POP;Hype Up;410
YF7dqPuiWw;4;Uncanny Long Arms;underscores, Jane Remover;pop;POP;Wallsocket;90
LpZCYdRoyf;1;Military Fashion Show;And One;edm;EDM;Bodypop;300
YF7dqPuiWw;5;Spoiled little brat;underscores;pop;POP;fishmonger;120
YF7dqPuiWw;6;GIRL HELL 1999;femtanyl;pop;POP;CHASER;140
YF7dqPuiWw;7;dnd;glaive;pop;POP;cypress grove;160
pC5YFYYN8S;4;2 Dangerous;Brennan Story, Rarin;hip hop;HIP HOP;2 Dangerous;321
YF7dqPuiWw;8;M@GICAL CURE! LOVE SHOT!;Sawtone, Hatsune Miku;Pop;POP;M@GICAL CURE! LOVE SHOT!;120
pC5YFYYN8S;5;The Mountain;Three Days Grace;rock;ROCK;Alienation;520
YF7dqPuiWw;9;deadweight;Goreshit;Miscellaneous;MISCELLANEOUS;splitshit 2;100
YF7dqPuiWw;10;Like Him;Tyler, The Creator;hip hop;HIP HOP;CHROMAKOPIA;100
pC5YFYYN8S;6;Middle Finger;Bohnes;hip hop;HIP HOP;Middle Finger;410
D53rCB2Xxt;3;Clouds;JVKE;indie;INDIE;Clouds;270
pC5YFYYN8S;7;Jekyll and Hyde;Five Finger Death Punch;rock;ROCK;Got Your Six;654
pC5YFYYN8S;8;Feel Invincible;Skillet;rock;ROCK;Skillet;322
pC5YFYYN8S;9;Bamboleo x Narcos;undo;hip hop;HIP HOP;Bamboleo x Narcos;412
D53rCB2Xxt;4;Prove - Japanese Version;ONE OK ROCK;rock;ROCK;Luxury Disease;250
pC5YFYYN8S;10;Vois Sur Ton Chemin;Xizt;rock;ROCK;Vois Sur Ton Chemin;120
D53rCB2Xxt;5;I Know Places (Taylor's Version);Taylor Swift;Pop;POP;1989 - Taylor's Version;200
67zfR9D052;5;Impaler;Sabaton;Metal;METAL;Legends;55
67zfR9D052;3;Blind;Korn;Metal;METAL;Korn;65
67zfR9D052;2;Armata Strigoi;Powerwolf;Metal;METAL;Blessed & Possessed;80
67zfR9D052;1;Deutschland;Rammstein;Metal;METAL;Rammstein;100
D53rCB2Xxt;6;Denial;James Marriott;indie;INDIE;Are We There Yet?;260
D53rCB2Xxt;7;Premier Inn;Good Kid;indie;INDIE;Good Kid 4;180
D53rCB2Xxt;8;Mum;Luke Hemmings;Alternative;ALTERNATIVE;When Facing the Things We Turn Away From;190
D53rCB2Xxt;9;Safe and Sound;Capital Cities;EDM;EDM;In a Tidal Wave of Mystery;215
D53rCB2Xxt;10;Won't Go;snuffles;EDM;EDM;Won't Go;230
9Cs0bza8qu;1;Dreamin;Common and Pete Rock;Hip Hop;HIP HOP;The Auditorium Vol. 1;150
9Cs0bza8qu;2;You Know How We Do It;Ice Cube;Hip Hop;HIP HOP;Greatest Hits;500
9Cs0bza8qu;3;Apparently;J. Cole;Hip Hop;HIP HOP;2014 Forest Hills Drive;300
9Cs0bza8qu;4;Love Yourz;J. Cole;Hip Hop;HIP HOP;2014 Forest Hills Drive;350
9Cs0bza8qu;5;Intro;J. Cole;Hip Hop;HIP HOP;2014 Forest Hills Drive;350
9Cs0bza8qu;6;Heard 'Em Say;Kanye West, Adam Levine;Hip Hop;HIP HOP;Late Registration;400
9Cs0bza8qu;7;Big Brother;Kanye West;Hip Hop;HIP HOP;Graduation;150
9Cs0bza8qu;8;I Wonder;Kanye West;Hip Hop;HIP HOP;Graduation;400
9Cs0bza8qu;9;The World Is Yours;Nas;Hip Hop;HIP HOP;Illmatic;600
9Cs0bza8qu;10;Wholeheartedly;JID, Ty Dolla $ign, 6LACK;Hip Hop;HIP HOP;God Does Like Ugly;100
VXkCk47o9n;9;Meet me Halfway - speed;ren;alternative;ALTERNATIVE;no album;37
Vn6YU1N4oP;1;HIND'S HALL;Macklemore;hip hop;HIP HOP;HIND'S HALL;245
Vn6YU1N4oP;2;R√§t;Penelope Scott;Alternative;ALTERNATIVE;Public Void;150
Vn6YU1N4oP;3;If That's Love;Shawn James;r&b;R&B;Shadows;200
Vn6YU1N4oP;4;Escapism.;Raye;Pop;POP;My 21st Century Blues;100
Vn6YU1N4oP;5;Yosemite;Iniko;R&B;R&B;Jericho;80
Vn6YU1N4oP;6;Devil Like Me;Rainbow Kitten Surprise;indie;INDIE;Seven + Mary;200
Vn6YU1N4oP;7;Money Game Pt. 3;Ren;hip hop;HIP HOP;Sick Boi;150
Vn6YU1N4oP;8;Sailor Song;Gigi Perez;Indie;INDIE;Sailor Song;200
Vn6YU1N4oP;9;What It Sounds Like;HUNTR/X (TWICE);k-pop;K-POP;KPop Demon Hunters Soundtrack;30
Vn6YU1N4oP;10;Matcha;Wic Whitney;hip hop;HIP HOP;Matcha;90
mBz9FO5uqn;5;Jigsaw;Conan Gray;indie;INDIE;Superache;130
mBz9FO5uqn;3;When She Smiles;Gigi Perez;Indie;INDIE;How to Catch A Falling Knife;100
p6CtT0Xo8A;1;Lovefool;The Cardigans;alternative;ALTERNATIVE;First Band on the Moon;210
p6CtT0Xo8A;2;Something's Wrong with the Morning;Margo Guryan;pop;POP;27 Demos;60
p6CtT0Xo8A;3;Roadhouse Blues;The Doors;r&b;R&B;Morrison Hotel;230
p6CtT0Xo8A;4;Green Onions;Booker T. & the M.G.'s;r&b;R&B;Green Onions;110
p6CtT0Xo8A;5;Peace Frog;The Doors;r&b;R&B;Morrison Hotel;240
p6CtT0Xo8A;6;Apple Tree;Wolfmother;rock;ROCK;Wolfmother;140
p6CtT0Xo8A;7;Lonely Mess;Laundry;indie;INDIE;Affirmation;730
p6CtT0Xo8A;8;There Is a Light That Never Goes Out;The Smiths;alternative;ALTERNATIVE;The Queen Is Dead;90
p6CtT0Xo8A;9;I Love You So;The Walters;alternative;ALTERNATIVE;Songs for Dads;340
p6CtT0Xo8A;10;Lovers Rock;TV Girl;EDM;EDM;French Exit;500
81a53gITA9;1;Resonance;HOME;classical;CLASSICAL;Odyssey;472
81a53gITA9;2;Sweater Weather;The Neighbourhood;Alternative;ALTERNATIVE;I Love You.;210
81a53gITA9;3;Lovers;Anna of the North;Alternative;ALTERNATIVE;Lovers;63
81a53gITA9;4;Art Deco;Lana Del Rey;alternative;ALTERNATIVE;Honeymoon;74
81a53gITA9;5;Nightcrawler;Travis Scott;hip hop;HIP HOP;Rodeo;83
81a53gITA9;6;Cinnamon Girl;Lana Del Rey;Alternative;ALTERNATIVE;Norman F*****g Rockwell!;46
81a53gITA9;7;Snow on the Beach;Taylor Swift;Pop;POP;Midnights (The Til Dawn Edition);36
81a53gITA9;8;We Are the People;Empire Of The Sun;Alternative;ALTERNATIVE;Walking on a Dream;59
81a53gITA9;9;Harpy Hare;Yaelokre;miscellaneous;MISCELLANEOUS;Hayfields;82
ITu1uvTiVW;1;Spoonful;Howling Wolf;r&b;R&B;The rocking chair;201
81a53gITA9;10;Fourth of July;Sufjan Stevens;country;COUNTRY;Carrie & Lowell;127
ITu1uvTiVW;2;Moanin' At Midnight;Howlin Wolf;r&b;R&B;Moanin' in the moonlight;194
ITu1uvTiVW;3;Mannish Boy;Muddy Waters;r&b;R&B;Hard Again;193
ITu1uvTiVW;4;Old Number 7;The Devil Makes Three;r&b;R&B;Bluegrass;200
ITu1uvTiVW;5;Whitehouse Road;Tyler Childers;country;COUNTRY;Purgatory;211
ITu1uvTiVW;6;Short Change Hero;The Heavy;r&b;R&B;The House That Dirt Built;357
ITu1uvTiVW;7;Sober;Tool;alternative;ALTERNATIVE;Undertow;578
ITu1uvTiVW;8;Suffocate;Knocked Loose;metal;METAL;You Won't Go Before You're Supposed To;205
ITu1uvTiVW;8;Like a Villan;Bad Omens;metal;METAL;The Death of Peace of Mind;321
ITu1uvTiVW;9;Forgotten;The Plot in You;metal;METAL;Vol. 1 EP;189
ITu1uvTiVW;10;Upperdrugs;Highly Suspect;alternative;ALTERNATIVE;MCID;708
YCxkkb70AN;1;They might as well be dead (Risk of rain 2);Chris Christodoulou;Rock;ROCK;Risk of Rain 2: Survivors of the void;25
YCxkkb70AN;2;Bilewater;Christopher Larkin;miscellaneous;MISCELLANEOUS;Hollow Knight: Silksong (Original Soundtrack);8
YCxkkb70AN;3;Undying Shores;Yoann Laulan;classical;CLASSICAL;Dead Cells Fatal Falls (Original Soundtrack);50
YCxkkb70AN;4;Widow;Christopher Larkin;classical;CLASSICAL;Hollow Knight: Silksong (Original Soundtrack);8
YCxkkb70AN;5;The Rain Formerly Known as Purple;Chris Christodoulou;Rock;ROCK;Risk of Rain 2;25
YCxkkb70AN;6;The Devil Went Down to Georgia;Charlie Daniels;Country;COUNTRY;Million Mile Reflections;10
YCxkkb70AN;7;Lost Lace;Christopher Larkin;classical;CLASSICAL;Hollow Knight: Silksong (Original Soundtrack);5
YCxkkb70AN;8;Mantis Lords;Christopher Larkin;classical;CLASSICAL;Hollow Knight (Original Soundtrack);20
YCxkkb70AN;9;The Temple;Yoann Laulan;Rock;ROCK;Dead Cells - Soundtrack part 1;25
YCxkkb70AN;10;Time for Your Medicine;Yoann Laulan;classical;CLASSICAL;Dead Cells : Volume 2;25
zqTG75OxbE;2;Ding - A - Dong;Teach In;Pop;POP;Festival;50
zqTG75OxbE;1;Slipping Though My Fingers;ABBA;Pop;POP;The Visitors;50
zqTG75OxbE;3;Night Changes;One Direction;Pop;POP;Four;40
zqTG75OxbE;4;Movin' Out (Anthony's Song);Billy Joel;rock;ROCK;The Stranger;20
zqTG75OxbE;5;Rich Girl;Daryl Hall & John Oates;Rock;ROCK;Bigger Than Both of Us;20
zqTG75OxbE;6;Vienna;Billy Joel;rock;ROCK;The Stranger;40
zqTG75OxbE;7;Take It On The Run;REO Speedwagon;rock;ROCK;Hi Infidelity;50
zqTG75OxbE;8;My Life;Billy Joel;Rock;ROCK;52nd Street;20
zqTG75OxbE;9;Old Friend Goodbye;Teach In;Pop;POP;Roll Along;30
zqTG75OxbE;10;I Will Survive;Gloria Gaynor;EDM;EDM;Love Tracks;60
80ocu1VbdY;3;PIToRRO DE COCO;Bad Bunny;Reggaeton;REGGAETON;DeBI TiRAR MaS FOToS;260
80ocu1VbdY;2;Moscow Mule;Bad Bunny;Reggaeton;REGGAETON;Un Verano Sin Ti;285
80ocu1VbdY;6;Neverita;Bad Bunny;Reggaeton;REGGAETON;Un Verano Sin Ti;200
80ocu1VbdY;1;Routines in the Night;Twenty One Pilots;alternative;ALTERNATIVE;Clancy;320
80ocu1VbdY;7;One Way;Twenty One Pilots;alternative;ALTERNATIVE;Breach;150
80ocu1VbdY;9;Thinkin Bout You;Frank Ocean;R&B;R&B;channel ORANGE;100
80ocu1VbdY;4;Nights;Frank Ocean;R&B;R&B;Blonde;250
80ocu1VbdY;5;Lonely;Imagine Dragons;Pop;POP;Mercury;225
80ocu1VbdY;8;Take Me to the Beach;Imagine Dragons;Pop;POP;LOOM;120
80ocu1VbdY;10;Troublemaker;Olly Murs;Pop;POP;"Right Place Right Time	";60
dQTrbKB8EP;1;Holding Onto You;Twenty One Pilots;alternative;ALTERNATIVE;Vessel;100
dQTrbKB8EP;2;Taxi Cab;Twenty One Pilots;alternative;ALTERNATIVE;Twenty One Pilots;100
dQTrbKB8EP;3;Soul Meets Body;Death Cab For Cutie;indie;INDIE;Plans;100
dQTrbKB8EP;4;Next Semester;Twenty One Pilots;alternative;ALTERNATIVE;Clancy;100
dQTrbKB8EP;5;Bandito;Twenty One Pilots;alternative;ALTERNATIVE;Trench;100
8ieLGXjjdw;1;Guiding Ahead Boss Battle Theme - Martyr;Monster Siren Records / Hypergryph;EDM;EDM;Arknights - Guiding Ahead Side Story;2000
dQTrbKB8EP;6;Transantlanticism;Death Cab For Cutie;indie;INDIE;Translantacism;100
8ieLGXjjdw;2;Shantien Phase 4/4 Battle Theme : Imperial Wrath of the Azure Dragon - Shantien;Hideyuki Fukasawa, CAPCOM;ost;OST;Monster Hunter Frontier G;3000
dQTrbKB8EP;7;Tally;Twenty One Pilots;alternative;ALTERNATIVE;Breach;100
8ieLGXjjdw;4;Ambiguous Morality;Adam Gubman , Monster Siren Records , Arknights;ost;OST;Arknights - I Portatori Dei Velluti Side Story;600
8ieLGXjjdw;5;Der Hexenkonig;Lappy , Monster Siren Records , Hypergryph;classical;CLASSICAL;Arknights - Zwillingsturme Im Herbst Side Story;700
dQTrbKB8EP;8;Fluorescent Adolescent;Arctic Monkeys;indie;INDIE;Favourite Worst Nightmare;100
8ieLGXjjdw;6;Intervallo VI-EX Boss 3 Battle Theme;Studio EIM , Monster Siren Records;ost;OST;Limbus Company - Pilgrimage of Compassion Intervallo;250
8ieLGXjjdw;7;Canto VI Boss 4 Battle Theme;Studio EIM;ost;OST;Limbus Company - Canto VI The Heartbreaking;1200
dQTrbKB8EP;9;Jed's Other Poem (Beautiful Ground);Grandaddy;Alternative;ALTERNATIVE;The Sophtware Slump;100
8ieLGXjjdw;8;Children of the City;Mili;ost;OST;"""To Kill a Living Book"" for Library of Ruina";800
dQTrbKB8EP;10;Isolation;Balu Brigada;alternative;ALTERNATIVE;Portal;100
8ieLGXjjdw;9;G-Rank Great Forest Battle , An Ocean of Endless Green - Great Forest (G-Rank);Hideyuki Fukasawa, CAPCOM;ost;OST;Monster Hunter Frontier G;1800
8ieLGXjjdw;10;Vaal Hazak Battle Theme : Keeper of Hades - Vaal Hazak;Akihiko Narita, CAPCOM;ost;OST;Monster Hunter World;1000
3AWPRVb9Pd;1;Dogs;Nouns;miscellaneous;MISCELLANEOUS;Still Bummed;200
3AWPRVb9Pd;2;Ballad of Big Nothing;Elliott Smith;indie;INDIE;Either/Or;120
3AWPRVb9Pd;3;Send it to Oslo;Sparky Deathcap;indie;INDIE;Tear Jerky;100
3AWPRVb9Pd;4;Cody's Theme;AJJ;alternative;ALTERNATIVE;The Bible 2;150
yvuNAZL4W7;1;East Side of Sorrow;Zach Bryan;Country;COUNTRY;Zach Bryan (self titled album);500
3AWPRVb9Pd;5;Holland 1945;Neutral Milk Hotel;indie;INDIE;In the Aeroplane Over the Sea;130
3AWPRVb9Pd;6;Still Bummed;Nouns;miscellaneous;MISCELLANEOUS;Still Bummed;90
yvuNAZL4W7;2;Mona Lisa;Lil Wayne, Kendrick Lamar;Hip Hop;HIP HOP;Tha Carter V;500
3AWPRVb9Pd;7;In the Aeroplane Over the Sea;Neutral Milk Hotel;indie;INDIE;In the Aeroplane Over the Sea;200
3AWPRVb9Pd;8;Jigsaw Falling into Place;Radiohead;Alternative;ALTERNATIVE;In Rainbows;80
3AWPRVb9Pd;9;Where am I;Title Fight;miscellaneous;MISCELLANEOUS;Shed;60
yvuNAZL4W7;3;Rattlesnake;Jack Van Cleaf;country;COUNTRY;Fruit from the trees;450
3AWPRVb9Pd;10;The Room is Filled with People that Love you;Foresight;indie;INDIE;The Room is filled with People that Love you;100
yvuNAZL4W7;4;Dreams;The Cranberries;Rock;ROCK;Everybody Else Is Doing It, So Why Can't We?;400
ZiGgWPNZTd;1;Blinding Lights;The Weeknd;pop;POP;After Hours;320
ZiGgWPNZTd;2;Bohemian Rhapsody;Queen;Rock;ROCK;A Night at the Opera;292
ZiGgWPNZTd;3;Bad Habit;Steve Lacy;R&B;R&B;Gemini Rights;256
ZiGgWPNZTd;4;Dreams;Fleetwood Mac;rock;ROCK;Rumours;243
ZiGgWPNZTd;5;Uptown Funk;Mark Ronson ft. Bruno Mars;Pop;POP;Uptown Special;227
ZiGgWPNZTd;6;Billie Jean;Michael Jackson;Pop;POP;Thriller;211
ZiGgWPNZTd;7;Levitating;Dua Lipa;pop;POP;Future Nostalgia;200
yvuNAZL4W7;5;Sorry 4 The Wait;Lil Wayne;Hip Hop;HIP HOP;Sorry 4 The Wait (single);300
ZiGgWPNZTd;8;Smells Like Teen Spirit;Nirvana;Alternative;ALTERNATIVE;Nevermind;185
ZiGgWPNZTd;9;Shape of You;Ed Sheeran;Pop;POP;˜ (Divide);179
ZiGgWPNZTd;10;Don't Stop Believin';Journey;Rock;ROCK;Escape;153
yvuNAZL4W7;6;Starved;Zach Bryan;Country;COUNTRY;Starved;200
yvuNAZL4W7;7;Hurt;Johnny Cash;Country;COUNTRY;Hurt;100
yvuNAZL4W7;8;Maps;Maroon V;Pop;POP;V;1000
yvuNAZL4W7;9;The Whale Song;Solas;rock;ROCK;The Hour Before Dawn;300
yvuNAZL4W7;10;She's Alright;Zach Bryan;Country;COUNTRY;American Heartbreakq;100
XBKFTF94Hv;1;Movie Star;Jack Harlow;Hip Hop;HIP HOP;Come Home the Kids Miss You;100
XBKFTF94Hv;2;I'd Do Anything To Make You Smile;Jack Harlow;Hip Hop;HIP HOP;Come Home the Kids Miss You;90
XBKFTF94Hv;3;DRIP DROP;Jack Harlow;Hip Hop;HIP HOP;Come Home the Kids Miss You;80
XBKFTF94Hv;4;Young Harleezy;Jack Harlow;Hip Hop;HIP HOP;Come Home the Kids Miss You;70
XBKFTF94Hv;5;What's Poppin;Jack Harlow;Hip Hop;HIP HOP;Come Home The Kids Miss You;60
XBKFTF94Hv;6;Dark Knight;Jack Harlow;Hip Hop;HIP HOP;Dark Knight;50
XBKFTF94Hv;7;NIGHTS LIKE THIS;TheKidLaroi;Hip Hop;HIP HOP;girls;40
XBKFTF94Hv;8;Shut up My Moms Calling;Hotel Ugly;r&b;R&B;Shut up My Moms Calling;40
XBKFTF94Hv;9;Warsaw;Jack Harlow;Hip Hop;HIP HOP;Confetti;35
XBKFTF94Hv;10;Ghost;Jack Harlow;Hip Hop;HIP HOP;Confetti;30
yBTIMbF3mJ;1;Never Gonna Give You Up;Rick Astley;Pop;POP;Whenever You Need Somebody;300
yBTIMbF3mJ;2;Firework;Katy Perry;Pop;POP;Teenage Dream;189
yBTIMbF3mJ;3;Crab Rave;Noisestorm;EDM;EDM;Monstercat Instinct Vol. 1;184
yBTIMbF3mJ;4;The Muffin Song;TomSka;Comedy;COMEDY;N/A;119
yBTIMbF3mJ;5;Sandstorm;Darude;miscellaneous;MISCELLANEOUS;Before the Storm;94
yBTIMbF3mJ;6;Shooting Stars;Bag Raiders;EDM;EDM;Bag Raiders;82
yBTIMbF3mJ;7;Astromania;Vicetone;EDM;EDM;Monstercat - Best of 2014;231
yBTIMbF3mJ;8;All Star;Smash Mouth;rock;ROCK;Astro Lounge;213
yBTIMbF3mJ;9;Among Us Drip Theme;Leonz;hip hop;HIP HOP;N/A;74
yBTIMbF3mJ;10;Gangnam Style;PSY;K-pop;K-POP;PSY 6;38
Wjtez3boG9;10;Nightcall;Kavinsky;edm;EDM;Nightcall;345
Wjtez3boG9;9;A Question of Heaven;Iced Earth;metal;METAL;The Dark Saga;560
Wjtez3boG9;8;Deer Dance;System of a Down;metal;METAL;Toxicity;570
Wjtez3boG9;7;Heartattack In A Layby;Porcupine Tree;metal;METAL;In Absentia;732
Wjtez3boG9;6;I Really Want to Stay at Your House;Rosa Walton;EDM;EDM;Cyberpunk 2077: Radio, Vol. 2;780
Wjtez3boG9;5;The Stage;Avenged Sevenfold;metal;METAL;The Stage;983
Wjtez3boG9;4;And Then There Was Silence;Blind Guardian;metal;METAL;A Night at the Opera;978
xXb7ClT5eh;1;Say It Ain't So;Weezer;alternative;ALTERNATIVE;Weezer (The Blue Album);100
Wjtez3boG9;3;Bloody Angel;Avatar;metal;METAL;Hail the Apocalypse;983
xXb7ClT5eh;8;Invisible;Duran Duran;pop;POP;Future Past;50
Wjtez3boG9;2;Flying Whales;Gojira;metal;METAL;From Mars to Sirius;669
Wjtez3boG9;1;Cosmic;Avenged Sevenfold;metal;METAL;Life is but a Dream;545
xXb7ClT5eh;2;Jigsaw Falling Into Place;Radiohead;alternative;ALTERNATIVE;In Rainbows;70
xXb7ClT5eh;3;I Am... All Of Me;Crush 40;Rock;ROCK;Shadow The Hedgehog Official Soundtrack;20
xXb7ClT5eh;4;The Emptiness Machine;Linkin Park;metal;METAL;From Zero;100
xXb7ClT5eh;5;Asimov;65daysofstatic;Rock;ROCK;No Man's Sky: Music For An Infinite Universe;40
goCMTqVDiB;1;Waking The Witch;Kate Bush;rock;ROCK;Hounds of Love;327
C0xWEDrtBt;1;Evergreen;Richy Mitch and The Coal;country;COUNTRY;Evergreen;1000
goCMTqVDiB;2;Lake;Roland Faunte;indie;INDIE;Sewing Kit;313
C0xWEDrtBt;2;House of the Rising sun;The Animals;rock;ROCK;The Animals;300
goCMTqVDiB;3;Twisted;MISSIO;rock;ROCK;Loner;301
C0xWEDrtBt;3;Where'd All the Time Go;Dr. Dog;rock;ROCK;Shame;400
xXb7ClT5eh;6;The Hand That Feeds;Nine Inch Nails;Rock;ROCK;With Teeth;30
xXb7ClT5eh;7;Wouldn't It Be Nice;The Beach Boys;Pop;POP;Pet Sounds;20
goCMTqVDiB;4;Darkness At Noon;ALA.NI;jazz;JAZZ;You & I;291
C0xWEDrtBt;4;San Luis;Gregory Alan Isakov;indie;INDIE;Evening Machines;500
goCMTqVDiB;5;Main Attraction;Jeremy Renner;Rock;ROCK;The Medicine;273
C0xWEDrtBt;5;You Make My Dreams;Daryl Hall & John Oates;Pop;POP;Voices;300
C0xWEDrtBt;6;Carry on Wayward Son;Kansas;Rock;ROCK;Leftoverture;600
goCMTqVDiB;6;Jar Of Hearts;Through Fire ;rock;ROCK;Breathe (Deluxe Edition);231
goCMTqVDiB;7;THE DEATH OF PEACE OF MIND;Bad Omens;Metal;METAL;THE DEATH OF PEACE OF MIND;229
xXb7ClT5eh;9;Ghosts 'n' Stuff;deadmau5;EDM;EDM;For Lack of a Better Name;20
goCMTqVDiB;8;Things We Lost In The Fire;Bastille;pop;POP;All This Bad Blood;191
xXb7ClT5eh;10;Thirsty;AJR;Alternative;ALTERNATIVE;Living Room;5
goCMTqVDiB;9;Monster;Willyecho;Rock;ROCK;Monster;187
C0xWEDrtBt;7;Vienna;Billy Joel;rock;ROCK;The Stranger;600
goCMTqVDiB;10;E For Extinction;Thousand Foot Krutch;rock;ROCK;Welcome To The Masquerade;174
C0xWEDrtBt;8;Me on you;Muscadine Bloodline;country;COUNTRY;Teenage Dixie;400
goCMTqVDiB;11;Icarus;Bastille;indie;INDIE;All This Bad blood ;171
C0xWEDrtBt;9;Boondocks;Little Big Town;country;COUNTRY;The Road to Here;400
goCMTqVDiB;12;Imagine Dragons;Ragged Insomnia;alternative;ALTERNATIVE;Imagine Dragins;131
8rFzFm0U71;1;Only In Dreams;Weezer;Alternative;ALTERNATIVE;Weezer (blue);70
8rFzFm0U71;2;Runaway;Kanye West;Hip Hop;HIP HOP;My Beautiful Dark Twisted Fantasy;80
goCMTqVDiB;13;Lonely Day;System Of A Down;metal;METAL;Hypnotize;123
8rFzFm0U71;3;War Pigs/Luke's Wall;Black Sabbath;Rock;ROCK;Paranoid;64
8rFzFm0U71;4;Hail To The King;Avenged Sevenfold;Metal;METAL;Hail to The King;117
8rFzFm0U71;5;Dream On;Aerosmith;rock;ROCK;AEROSMITH;101
8rFzFm0U71;6;505;Arctic Monkeys;Alternative;ALTERNATIVE;Favourite Worst Nightmare;102
8rFzFm0U71;7;Mr.Rager;Kid Cudi;Hip Hop;HIP HOP;Man On the Moon II: The Legend of Mr.Rager;89
8rFzFm0U71;8;Shepherd of Fire;Avenged Sevenfold;Metal;METAL;Hail to The King;75
8rFzFm0U71;9;Bat Country;Avenged Sevenfold;Metal;METAL;City Of Evil;87
8rFzFm0U71;10;IFHY (feat.Pharrell);Tyler The Creator;indie;INDIE;Wolf;96
u6fnBLiSQg;1;Brooklyn;Youngblood Brass Band;rock;ROCK;center : level : roar;60
1K1m2OCmg0;1;Ransom;Lil Tecca;Hip Hop;HIP HOP;We love you tecca;100
u6fnBLiSQg;2;Get Lucky;Daft Punk;edm;EDM;Random Access Memories;40
1K1m2OCmg0;2;Yacht Club;Lil Yachty;Hip Hop;HIP HOP;Nuthin' 2 Prove;100
u6fnBLiSQg;3;Instant Crush;Daft Punk;edm;EDM;Random Access Memories;35
1K1m2OCmg0;3;Catch Me Outside;Ski Mask The Slump God;Hip Hop;HIP HOP;You Will Regret (Reloaded);98
1K1m2OCmg0;4;Make Believe;Juice WRLD;Hip Hop;HIP HOP;Death Race For Love;87
u6fnBLiSQg;4;September;Earth, Wind and Fire;edm;EDM;The Best Of Earth, Wind and Fire Vol. 1;30
1K1m2OCmg0;5;The Party Never Ends;Juice Wrld;Hip Hop;HIP HOP;The Party Never Ends 2.0;78
u6fnBLiSQg;5;I Want You Back;The Jackson 5;r&b;R&B;Diana Ross Presents The Jackson 5;25
1K1m2OCmg0;6;Poppin;Rich Amiri;Hip Hop;HIP HOP;Evolution;67
1K1m2OCmg0;7;Malibu's Most Wanted;Lil tecca;Hip Hop;HIP HOP;Dopamine;56
u6fnBLiSQg;6;Ain't No Mountain High Enough;Marvin Gaye, Tammi Terrell;r&b;R&B;United;23
1K1m2OCmg0;8;Talk;Yeat;Hip Hop;HIP HOP;Lyfe;55
1K1m2OCmg0;9;The truth;Lil Tecca;Hip Hop;HIP HOP;Dopamine;45
u6fnBLiSQg;7;Counting Stars;OneRepublic;pop;POP;Native;20
1K1m2OCmg0;10;Unbothered;Ski Mask The Slump God;hip hop;HIP HOP;Stokeley;43
u6fnBLiSQg;8;Supermassive Black Hole;Muse;alternative;ALTERNATIVE;Black Holes and Revelations;18
u6fnBLiSQg;9;The Less I know the Better;Tame Impala;edm;EDM;Currents;16
aJqyRoyI27;4;Universal Collapse;DM DOKURO;ost;OST;Tale of a Cruel World;200
u6fnBLiSQg;10;Runaway Baby;Bruno Mars;pop;POP;Doo-Wops & hooligans;15
aJqyRoyI27;8;Lights and sounds;yellowcard;alternative;ALTERNATIVE;Lights and sounds;120
aJqyRoyI27;2;CL1P MY W1NGS;Wisp X;miscellaneous;MISCELLANEOUS;Bedroom Phantoms;300
0GEAyRnJ4G;1;Eternity;Alex Warren;pop;POP;You'll Be Alright, Kid;57
aJqyRoyI27;9;Rough landing, Holly;yellowcard;alternative;ALTERNATIVE;Lights and sounds;200
0GEAyRnJ4G;2;Carry You Home;Alex Warren;pop;POP;You'll Be Alright, Kid;100
aJqyRoyI27;7;Tolerance;Sound Souler;ost;OST;Lavenue;250
aJqyRoyI27;6;Paradise;Sound Souler;ost;OST;Lavenue;300
0GEAyRnJ4G;3;Ordinary;Alex Warren;pop;POP;You'll Be Alright, Kid;50
aJqyRoyI27;10;Catastrophes before the calamities;DM DOKURO;ost;OST;Tale of a Cruel World;200
aJqyRoyI27;3;Blue Heart Forever;Wisp X;miscellaneous;MISCELLANEOUS;Roots;250
0GEAyRnJ4G;4;Dear Maria, Count Me In;All Time Low;alternative;ALTERNATIVE;So Wrong, It's Right;40
Y9VSOXiCT7;1;Finding Your Way Home;The Front Bottoms;Rock;ROCK;You Are Who You Hang Out With;60
aJqyRoyI27;1;Party in my room;xxsagexx;EDM;EDM;24-Sep;500
Y9VSOXiCT7;2;Look Who's Inside Again;Bo Burnham;Pop;POP;INSIDE;60
0GEAyRnJ4G;5;Stargazing;Myles Smith;pop;POP;None;70
Y9VSOXiCT7;3;Why Am I Like This?;Orla Gartland;indie;INDIE;Why Am I Like This?;60
Y9VSOXiCT7;4;Waving Through A Window;Ben Platt;musical;MUSICAL;Dear Evan Hansen (Original Broadway Cast Recording);80
0GEAyRnJ4G;6;My Demons;STARSET;alternative;ALTERNATIVE;Transmissions;40
Y9VSOXiCT7;6;The Subway;Chappell Roan;pop;POP;The Subway;35
Y9VSOXiCT7;7;No Children;The Mountain Goats;alternative;ALTERNATIVE;Tallahassee;60
Y9VSOXiCT7;8;Fifteen Minutes;Mike Krol;Rock;ROCK;I Hate Jazz;30
Y9VSOXiCT7;9;Be Nice To Me;The Front Bottoms;Rock;ROCK;Rose;70
0GEAyRnJ4G;7;LEGO Ninjago The WEEKEND WHIP;Ninjago Music & The Fold;pop;POP;none;120
Y9VSOXiCT7;10;Achilles Come Down;Gang Of Youths;indie;INDIE;Go Farther in Lightness;30
N88oZPgfjB;1;Brandy(You're a Fine Girl);Looking Glass;rock;ROCK;Looking Glass;32
kNUTYziumG;1;Heartless;Kanye West;Hip Hop;HIP HOP;808s & Heartbreak;1000
Y9VSOXiCT7;5;Everywhere, Everything;Noah Kahan;rock;ROCK;Stick Season (Forever);60
N88oZPgfjB;2;Dancing in the Moonlight;Toploader;Rock;ROCK;Dancing in the Moonlight;29
kNUTYziumG;2;Novocaine;Fall Out Boy;Rock;ROCK;American Beauty/American Psycho;900
kNUTYziumG;3;Fuel;Eminem;Hip Hop;HIP HOP;The Death of Slim Shady;700
0GEAyRnJ4G;8;Valhalla Calling;Peyton Parrish;rock;ROCK;None;40
N88oZPgfjB;3;Ode to Bourbon;Treaty Oak Revival;Country;COUNTRY;No Vacancy;25
N88oZPgfjB;4;Missed Call;Treaty Oak Revival;Country;COUNTRY;No Vacancy;24
kNUTYziumG;4;The Phoenix;Fall Out Boy;Rock;ROCK;My Songs Know What You Did in The Dark;600
N88oZPgfjB;5;Dixieland Delight;Alabama;Country;COUNTRY;The Closer You Get;22
kNUTYziumG;5;Wake Up!;Ski Mask The Slump God;Hip Hop;HIP HOP;Wake Up!;500
0GEAyRnJ4G;9;Mockingbird;Eminem;hip hop;HIP HOP;Encore;60
N88oZPgfjB;6;Friends in Low Places;Garth Brooks;Country;COUNTRY;No Fences;19
kNUTYziumG;7;Alone Again;The Weeknd;Hip Hop;HIP HOP;After Hours;300
kNUTYziumG;8;Never Me;Token;Hip Hop;HIP HOP;I'm Not Supposed To Be Here;200
N88oZPgfjB;7;Riptide;Vance Joy;indie;INDIE;Dream Your Life Away;17
kNUTYziumG;9;HOT!;Token;Hip Hop;HIP HOP;I'm Not Supposed To Be Here;100
N88oZPgfjB;8;Stop & Stare;Treaty Oak Revival;Country;COUNTRY;Dreaming out Loud;15
kNUTYziumG;10;Dirt Road Anthem;Jason Aldean;Country;COUNTRY;My Kinda Party;100
0GEAyRnJ4G;10;For the Dancing and the Dreaming;(performed by Gerard Butler, Craig Ferguson & Mary Jane Wells;ost;OST;How to Train Your Dragon 2;80
N88oZPgfjB;9;Something in the Orange;Zach Bryan;Country;COUNTRY;American Heartbreak;12
N88oZPgfjB;10;Sounds Like the Radio;Zach Top;Country;COUNTRY;Cold Beer & Country Music;10
6YSL13eI8M;10;Trap Queen;Fetty Wap;hip hop;HIP HOP;N/A;2
6YSL13eI8M;9;Thick of It;KSI;hip hop;HIP HOP;Thick of It (All Over the Place);5
6YSL13eI8M;8;Not Like Us;Kendrick Lamar;hip hop;HIP HOP;N/A;10
6YSL13eI8M;7;Come On Don't Hide;So Supa;hip hop;HIP HOP;Supa vs. Sligger;1
Y9B0QPxENT;1;Spaced Out;Nihmune;EDM;EDM;We're Alright;200
6YSL13eI8M;6;NAME==Mythos;Hoyoverse;ost;OST;N/A;7
6YSL13eI8M;5;The Witch and the Saint;Steven Reineke;classical;CLASSICAL;N/A;25
6YSL13eI8M;4;All My Fellas;FRIZK;pop;POP;N/A;15
6YSL13eI8M;3;Experience;Ludovico Einaudi;Classical;CLASSICAL;N/A;5
6YSL13eI8M;2;Lament of the Ruined World;Hoyoverse;ost;OST;N/A;25
6YSL13eI8M;1;Aria Math;C418;miscellaneous;MISCELLANEOUS;Minecraft - Volume Beta;12
Y9B0QPxENT;4;Hey Nya;Nihmune;alternative;ALTERNATIVE;Are You Okay?;500
Y9B0QPxENT;5;Citrus Love;Bao ;j-pop;J-POP;Citrus Love;300
Y9B0QPxENT;6;Clarity;Nightcore Reality;pop;POP;(none);500
bMG27LkecL;1;Yes I'm A Mess;AJR;indie;INDIE;The Maybe Man;50
Y9B0QPxENT;7;Brain Rot;Nihmune;alternative;ALTERNATIVE;Hard To Think ;100
bMG27LkecL;2;Way Less Sad;AJR;Indie;INDIE;OK Orchestra;10
Y9B0QPxENT;8;Ash Again;Hololive English ;Alternative;ALTERNATIVE;(none);100
bMG27LkecL;3;Would You Fall in Love with Me Again;Jorge Rivera-Herrans;musical;MUSICAL;EPIC: The Ithaca Saga;20
Y9B0QPxENT;8;Diamond City Lights;Lazulight;pop;POP;Diamond City Lights;200
bMG27LkecL;4;Not Sorry for Loving You;Jorge Rivera-Herrans;Musical;MUSICAL;EPIC: The Vengeance Saga;40
bMG27LkecL;5;Monster;Jorge Rivera-Herrans;Musical;MUSICAL;EPIC: The Underworld Saga;30
bMG27LkecL;6;Castle of Glass;Linkin Park;rock;ROCK;Living Things;30
bMG27LkecL;7;Inertia;AJR;Indie;INDIE;The Maybe Man;30
bMG27LkecL;8;Fake a Smile;Alan Walker;EDM;EDM;World of Walker;20
bMG27LkecL;9;Woe to the People of Order;Cami-Cat;country;COUNTRY;N/A;20
Y9B0QPxENT;9;Roki;Mori Calliope;rock;ROCK;(none);400
bMG27LkecL;10;Fly Away;TheFatRat;miscellaneous;MISCELLANEOUS;Fly Away;50
ZxOLXrLtgF;4;Die Anyway;LuLuYam;edm;EDM;Die Anyway;60
ZxOLXrLtgF;5;Lights Go Out;LuLuYam;edm;EDM;Lights Go Out;120
ZxOLXrLtgF;6;EVERYTHING;LuLuYam;edm;EDM;EVERYTHING;150
ZxOLXrLtgF;7;It's All Over;Three Days Grace;Rock;ROCK;One-X;40
ZxOLXrLtgF;8;AMALGAMATION;LuLuYam;edm;EDM;AMALGAMATION;140
ZxOLXrLtgF;9;Riot;Three Days Grace;Rock;ROCK;One-X;50
ZxOLXrLtgF;10;Never Too Late;Three Days Grace;Rock;ROCK;One-X;50
Y9B0QPxENT;10;Heart of Fire;Sinder;Rock;ROCK;(none);600
6uUJemyzU7;1;Money For nothing;Dire straights;Rock;ROCK;brothers in arms;200
6uUJemyzU7;2;November Rain;Guns N roses;Rock;ROCK;Use your Illusion 1;100
6uUJemyzU7;3;Back In Black;AC/DC;Rock;ROCK;Back In Black;100
6uUJemyzU7;4;Shoot to Thrill;AC/DC;Rock;ROCK;Back In Black;90
IeaYESmMDP;1;Can I Kick It?;A Tribe Called Quest;hip hop;HIP HOP;People's Instinctive Travels and the Paths of Rhythm;200
6uUJemyzU7;5;Empire State Of Mind;JAY-Z;Hip Hop;HIP HOP;The Blueprint 3;70
6uUJemyzU7;6;Gotten;Slash;Rock;ROCK;Slash;90
6uUJemyzU7;7;Patience;Guns N Roses;Rock;ROCK;Appetite For Destruction;100
6uUJemyzU7;8;Sweet Child O mine;Guns N Roses;Rock;ROCK;Appetite For Destruction;90
IeaYESmMDP;2;One more time;daft punk;edm;EDM;Discovery ;175
IeaYESmMDP;3;Oprah's bank account;Lil yacthy ;Hip Hop;HIP HOP;Single;150
6uUJemyzU7;9;Theme From New York, New York;Frank Sinatra;Jazz;JAZZ;Nothing But The Best;60
IeaYESmMDP;4;Hip Hopp snitch knishes ;MFDOOM;Hip Hop;HIP HOP;Mm food ;125
6uUJemyzU7;10;P.Y.T.;Michael Jackson;Rock;ROCK;Thriller;80
IeaYESmMDP;6;Funny thing;thunder cat ;R&B;R&B;It is what it is;100
IeaYESmMDP;7;could you be loved;Bob marley;miscellaneous;MISCELLANEOUS;Uprising;80
IeaYESmMDP;8;IloveYouIHateYou;playboy carti ;Hip Hop;HIP HOP;Whole lotta red;70
IeaYESmMDP;9;Sundress ;ASAP rocky;Hip Hop;HIP HOP;Single ;50
IeaYESmMDP;10;The spins;Mac miller;Hip Hop;HIP HOP;the kids;50
67zfR9D052;4;Army of the Night;Powerwolf;Metal;METAL;Blessed & Possessed;65
67zfR9D052;10;You Really Got Me;The Kinks;Rock;ROCK;Kinks;70
67zfR9D052;9;Twisted Transistor;Korn;Metal;METAL;See You On the Other Side;95
67zfR9D052;8;My Way ;Frank Sinatra;Jazz;JAZZ;My Way;65
67zfR9D052;7;Short Change Hero;The Heavy;Alternative;ALTERNATIVE;The House that Dirt Built;68
67zfR9D052;6;Radio;Bershy;Alternative;ALTERNATIVE;Radio;35
67zfR9D052;4;Roll Northumbria;The Dreadnoughts;Miscellaneous;MISCELLANEOUS;Into the North;48
